Workbook

Sheet Cover
A1: Swiggy Product Analytics Portfolio
A3: Business Objective | B3: Analyze the customer journey, identify funnel drop-offs, and recommend product improvements.
A5: Skills Demonstrated | B5: Advanced Excel, Product Analytics, KPI Design, Dashboarding, Business Analysis

Sheet Raw_Data
A1: Order ID | B1: Date | C1: Month | D1: City | E1: Device | F1: User Type | G1: Category | H1: Visitors | I1: Signups | J1: Restaurant Views | K1: Add to Cart | L1: Checkout | M1: Orders | N1: Revenue | O1: Rating | P1: Delivery Time | Q1: Coupon
A2: 1001 | B2: 45661 | C2: Jan | D2: Pune | E2: iOS | F2: Returning | G2: Pizza | H2: 50000 | I2: 24000 | J2: 19680 | K2: 12201 | L2: 9028 | M2: 7764 | N2: 3447216 | O2: 4.2 | P2: 18 | Q2: No
A3: 1002 | B3: 45659 | C3: Jan | D3: Hyderabad | E3: iOS | F3: New | G3: Desserts | H3: 50000 | I3: 24000 | J3: 19680 | K3: 12201 | L3: 9028 | M3: 7764 | N3: 3447216 | O3: 4.6 | P3: 24 | Q3: No
A4: 1003 | B4: 45666 | C4: Jan | D4: Bengaluru | E4: Web | F4: Returning | G4: Desserts | H4: 50000 | I4: 24000 | J4: 19680 | K4: 12201 | L4: 9028 | M4: 7764 | N4: 3447216 | O4: 5 | P4: 19 | Q4: Yes
A5: 1004 | B5: 45683 | C5: Jan | D5: Chennai | E5: Web | F5: New | G5: Pizza | H5: 50000 | I5: 24000 | J5: 19680 | K5: 12201 | L5: 9028 | M5: 7764 | N5: 3447216 | O5: 4.7 | P5: 21 | Q5: Yes
A6: 1005 | B6: 45676 | C6: Jan | D6: Hyderabad | E6: Web | F6: Returning | G6: Chinese | H6: 50000 | I6: 24000 | J6: 19680 | K6: 12201 | L6: 9028 | M6: 7764 | N6: 3447216 | O6: 4.9 | P6: 43 | Q6: Yes
A7: 1006 | B7: 45664 | C7: Jan | D7: Hyderabad | E7: Web | F7: New | G7: South Indian | H7: 50000 | I7: 24000 | J7: 19680 | K7: 12201 | L7: 9028 | M7: 7764 | N7: 3447216 | O7: 3.8 | P7: 32 | Q7: No
A8: 1007 | B8: 45672 | C8: Jan | D8: Bengaluru | E8: Android | F8: Returning | G8: Chinese | H8: 50000 | I8: 24000 | J8: 19680 | K8: 12201 | L8: 9028 | M8: 7764 | N8: 3447216 | O8: 4 | P8: 49 | Q8: Yes
A9: 1008 | B9: 45684 | C9: Jan | D9: Chennai | E9: Android | F9: New | G9: Chinese | H9: 50000 | I9: 24000 | J9: 19680 | K9: 12201 | L9: 9028 | M9: 7764 | N9: 3447216 | O9: 4.1 | P9: 47 | Q9: No
A10: 1009 | B10: 45670 | C10: Jan | D10: Pune | E10: Android | F10: New | G10: South Indian | H10: 50000 | I10: 24000 | J10: 19680 | K10: 12201 | L10: 9028 | M10: 7764 | N10: 3447216 | O10: 4.7 | P10: 46 | Q10: No
A11: 1010 | B11: 45678 | C11: Jan | D11: Pune | E11: Android | F11: Returning | G11: South Indian | H11: 50000 | I11: 24000 | J11: 19680 | K11: 12201 | L11: 9028 | M11: 7764 | N11: 3447216 | O11: 4.5 | P11: 24 | Q11: Yes
A12: 1011 | B12: 45676 | C12: Jan | D12: Hyderabad | E12: iOS | F12: Returning | G12: South Indian | H12: 50000 | I12: 24000 | J12: 19680 | K12: 12201 | L12: 9028 | M12: 7764 | N12: 3447216 | O12: 4.2 | P12: 39 | Q12: Yes
A13: 1012 | B13: 45661 | C13: Jan | D13: Pune | E13: Android | F13: New | G13: Chinese | H13: 50000 | I13: 24000 | J13: 19680 | K13: 12201 | L13: 9028 | M13: 7764 | N13: 3447216 | O13: 4.4 | P13: 40 | Q13: Yes
... A145: 1144 | B145: 45993 | C145: Dec | D145: Chennai | E145: Web | F145: Returning | G145: Pizza | H145: 77500 | I145: 37200 | J145: 30504 | K145: 18912 | L145: 13994 | M145: 12034 | N145: 5680048 | O145: 3.9 | P145: 55 | Q145: Yes

Sheet Monthly_Summary
A3: Row Labels | B3: Sum of Visitors | C3: Sum of Signups | D3: Sum of Restaurant Views | E3: Sum of Add to Cart | F3: Sum of Checkout | G3: Sum of Orders | H3: Sum of Revenue
A4: Jan | B4: 600000 | C4: 288000 | D4: 236160 | E4: 146412 | F4: 108336 | G4: 93168 | H4: 41366592
A5: Feb | B5: 630000 | C5: 302400 | D5: 247968 | E5: 153732 | F5: 113760 | G5: 97824 | H5: 44509920
A6: Mar | B6: 660000 | C6: 316800 | D6: 259776 | E6: 161052 | F6: 119172 | G6: 102480 | H6: 46320960
A7: Apr | B7: 690000 | C7: 331200 | D7: 271584 | E7: 168372 | F7: 124584 | G7: 107136 | H7: 49603968
A8: May | B8: 720000 | C8: 345600 | D8: 283392 | E8: 175692 | F8: 130008 | G8: 111804 | H8: 49864584
A9: Jun | B9: 750000 | C9: 360000 | D9: 295200 | E9: 183024 | F9: 135432 | G9: 116460 | H9: 53455140
A10: Jul | B10: 780000 | C10: 374400 | D10: 307008 | E10: 190344 | F10: 140844 | G10: 121116 | H10: 53048808
A11: Aug | B11: 810000 | C11: 388800 | D11: 318816 | E11: 197664 | F11: 146268 | G11: 125784 | H11: 55848096
A12: Sep | B12: 840000 | C12: 403200 | D12: 330624 | E12: 204984 | F12: 151680 | G12: 130440 | H12: 59741520
A13: Oct | B13: 870000 | C13: 417600 | D13: 342432 | E13: 212304 | F13: 157104 | G13: 135108 | H13: 64041192
A14: Nov | B14: 900000 | C14: 432000 | D14: 354240 | E14: 219624 | F14: 162516 | G14: 139752 | H14: 60233112
A15: Dec | B15: 930000 | C15: 446400 | D15: 366048 | E15: 226944 | F15: 167928 | G15: 144408 | H15: 68160576
A16: Grand Total | B16: 9180000 | C16: 4406400 | D16: 3613248 | E16: 2240148 | F16: 1657632 | G16: 1425480 | H16: 646194468

Sheet Customer_Journey_Funnel
A1: Stage | B1: Users | C1: Conversion % | D1: Drop-off | E1: Drop-off % | H1: Conversion Rate = (Current Stage ÷ Previous Stage) × 100
A2: Visitors | B2: =SUM(Monthly_Summary!B4:B15) -> 9180000 | C2: 1 | D2: - | E2: - | H2: Drop-off = Previous Stage − Current Stage
A3: Sign-ups | B3: =SUM(Monthly_Summary!C4:C15) -> 4406400 | C3: =B3/B2 -> 0.48 | D3: =B2-B3 -> 4773600 | E3: =D3/B2 -> 0.52 | H3: Drop-off %=Previous StagePrevious Stage−Current Stage​×100
A4: Restaurant Views | B4: =SUM(Monthly_Summary!D4:D15) -> 3613248 | C4: =B4/B3 -> 0.82 | D4: =B3-B4 -> 793152 | E4: =D4/B3 -> 0.18
A5: Add to Cart | B5: =SUM(Monthly_Summary!E4:E15) -> 2240148 | C5: =B5/B4 -> 0.6199818 | D5: =B4-B5 -> 1373100 | E5: =D5/B4 -> 0.3800182
A6: Checkout Started | B6: =SUM(Monthly_Summary!F4:F15) -> 1657632 | C6: =B6/B5 -> 0.7399654 | D6: =B5-B6 -> 582516 | E6: =D6/B5 -> 0.2600346
A7: Orders Completed | B7: =SUM(Monthly_Summary!G5:G15) -> 1332312 | C7: =B7/B6 -> 0.80374414 | D7: =B6-B7 -> 325320 | E7: =D7/B6 -> 0.19625586

Sheet KPI_Dashboard_Data
A1: Metric | B1: Value
A2: Total Visitors | B2: =SUM(Raw_Data!H2:H145) -> 9180000
A3: Total Orders | B3: =SUM(Raw_Data!M2:M145) -> 1425480
A4: Total Revenue | B4: =SUM(Raw_Data!N2:N145) -> 646194468
A5: Overall Conversion | B5: =SUM(Raw_Data!M2:M145)/SUM(Raw_Data!H2:H145) -> 0.15528105
A6: Avg Rating | B6: =AVERAGE(Raw_Data!O2:O145) -> 4.3805556
A7: Avg Delivery Time | B7: =AVERAGE(Raw_Data!P2:P145) -> 36.680556

Sheet Business_Insights
A1: Detailed Product Insights
A3: 1. Visitor traffic shows a consistent upward trend throughout the year, indicating successful acquisition efforts.
A4: 2. Signup conversion averages around 48%, suggesting onboarding is effective but still has room for improvement.
A5: 3. The largest drop-off occurs between Restaurant Views and Add to Cart, making discovery the biggest optimization opportunity.
A6: 4. Checkout completion remains consistently high, indicating a healthy payment experience.
A7: 5. Revenue grows in line with completed orders, showing stable monetization.
A8: 6. Returning customers generally contribute higher revenue than new users.
A9: 7. Mobile users account for the majority of traffic, reinforcing a mobile-first product strategy.
A10: 8. Delivery time above 40 minutes correlates with lower customer ratings.
A11: 9. Coupons improve conversion but should be targeted to avoid unnecessary discounting.
A12: 10. Fast Food and Biryani categories drive the highest order volume.
A13: 11. Personalization can improve Add-to-Cart conversion.
... A17: 15. Dashboard should be reviewed during sprint planning and product reviews.

Sheet Recommendations
A1: Priority | B1: Recommendation | C1: Expected Impact
A2: High | B2: Improve restaurant recommendations | C2: Higher Add-to-Cart
A3: High | B3: Personalized offers | C3: Higher retention
A4: Medium | B4: One-click reorder | C4: Increase repeat orders
A5: Medium | B5: Google/Apple sign-in | C5: Higher signup conversion
A6: Low | B6: Restaurant badges | C6: Improve discovery
